,0
0,Hand_0000072.jpg
1,Hand_0000073.jpg
2,Hand_0000074.jpg
3,Hand_0000087.jpg
4,Hand_0000088.jpg
5,Hand_0000089.jpg
6,Hand_0000491.jpg
7,Hand_0000492.jpg
8,Hand_0000493.jpg
9,Hand_0000850.jpg
10,Hand_0000851.jpg
11,Hand_0000852.jpg
12,Hand_0002195.jpg
13,Hand_0002196.jpg
14,Hand_0002197.jpg
15,Hand_0002367.jpg
16,Hand_0002368.jpg
17,Hand_0002422.jpg
18,Hand_0002433.jpg
19,Hand_0002434.jpg
20,Hand_0002968.jpg
21,Hand_0002969.jpg
22,Hand_0002991.jpg
23,Hand_0002992.jpg
24,Hand_0002993.jpg
25,Hand_0003174.jpg
26,Hand_0003456.jpg
27,Hand_0003457.jpg
28,Hand_0003458.jpg
29,Hand_0003651.jpg
30,Hand_0003652.jpg
31,Hand_0003672.jpg
32,Hand_0004163.jpg
33,Hand_0004164.jpg
34,Hand_0004165.jpg
35,Hand_0004172.jpg
36,Hand_0004173.jpg
37,Hand_0004174.jpg
38,Hand_0004563.jpg
39,Hand_0004564.jpg
40,Hand_0004565.jpg
41,Hand_0004883.jpg
42,Hand_0004884.jpg
43,Hand_0004885.jpg
44,Hand_0005661.jpg
45,Hand_0005662.jpg
46,Hand_0005663.jpg
47,Hand_0005855.jpg
48,Hand_0005856.jpg
49,Hand_0005857.jpg
50,Hand_0006182.jpg
51,Hand_0006183.jpg
52,Hand_0006184.jpg
53,Hand_0006843.jpg
54,Hand_0006844.jpg
55,Hand_0006845.jpg
56,Hand_0007401.jpg
57,Hand_0007402.jpg
58,Hand_0007403.jpg
59,Hand_0007432.jpg
60,Hand_0007433.jpg
61,Hand_0007434.jpg
62,Hand_0007737.jpg
63,Hand_0007738.jpg
64,Hand_0007739.jpg
65,Hand_0007994.jpg
66,Hand_0007995.jpg
67,Hand_0007996.jpg
68,Hand_0008126.jpg
69,Hand_0008128.jpg
70,Hand_0008129.jpg
71,Hand_0008176.jpg
72,Hand_0008178.jpg
73,Hand_0008179.jpg
74,Hand_0008333.jpg
75,Hand_0008334.jpg
76,Hand_0008335.jpg
77,Hand_0008346.jpg
78,Hand_0008347.jpg
79,Hand_0008393.jpg
80,Hand_0008394.jpg
81,Hand_0008395.jpg
82,Hand_0008586.jpg
83,Hand_0008587.jpg
84,Hand_0008588.jpg
85,Hand_0008956.jpg
86,Hand_0008959.jpg
87,Hand_0008960.jpg
88,Hand_0009052.jpg
89,Hand_0009053.jpg
90,Hand_0009054.jpg
91,Hand_0010188.jpg
92,Hand_0010189.jpg
93,Hand_0010190.jpg
94,Hand_0010210.jpg
95,Hand_0011283.jpg
96,Hand_0011284.jpg
97,Hand_0011285.jpg
98,Hand_0011739.jpg
99,Hand_0011740.jpg
